Diarienummer,Beslut,Kommun,Län
MYH 2024/1000,False,Stockholm,Stockholm
MYH 2024/1000,False,Boden,Norrbotten
MYH 2024/1000,False,Malmö,Skåne
MYH 2024/1001,False,Malmö,Skåne
MYH 2024/1001,False,Boden,Norrbotten
MYH 2024/1001,False,Stockholm,Stockholm
MYH 2024/1002,False,Båstad,Skåne
MYH 2024/1003,False,Båstad,Skåne
MYH 2024/1004,False,Båstad,Skåne
MYH 2024/1006,False,Stockholm,Stockholm
MYH 2024/1007,False,Göteborg,Västra Götaland
MYH 2024/1007,False,Stockholm,Stockholm
MYH 2024/1007,False,Malmö,Skåne
MYH 2024/1007,False,Umeå,Västerbotten
MYH 2024/1007,False,Jönköping,Jönköping
MYH 2024/1009,True,Göteborg,Västra Götaland
MYH 2024/1009,True,Jönköping,Jönköping
MYH 2024/1009,True,Örebro,Örebro
MYH 2024/1009,True,Stockholm,Stockholm
MYH 2024/1010,True,Göteborg,Västra Götaland
MYH 2024/1014,False,Varberg,Halland
MYH 2024/1015,False,Skara,Västra Götaland
MYH 2024/1016,True,Åmål,Västra Götaland
MYH 2024/1016,True,Mellerud,Västra Götaland
MYH 2024/1016,True,Gotland,Gotland
MYH 2024/1016,True,Mörbylånga,Kalmar
MYH 2024/1016,True,Örnsköldsvik,Västernorrland
MYH 2024/1017,True,Stockholm,Stockholm
MYH 2024/1017,True,Karlskrona,Blekinge
MYH 2024/1018,True,Gävle,Gävleborg
MYH 2024/1019,True,Umeå,Västerbotten
MYH 2024/1019,True,Malmö,Skåne
MYH 2024/1019,True,Uddevalla,Västra Götaland
MYH 2024/1019,True,Stockholm,Stockholm
MYH 2024/1019,True,Västerås,Västmanland
MYH 2024/1020,True,Stockholm,Stockholm
MYH 2024/1020,True,Göteborg,Västra Götaland
MYH 2024/1020,True,Umeå,Västerbotten
MYH 2024/1020,True,Växjö,Kronoberg
MYH 2024/1020,True,Karlstad,Värmland
MYH 2024/1021,False,Malmö,Skåne
MYH 2024/1021,False,Gävle,Gävleborg
MYH 2024/1021,False,Göteborg,Västra Götaland
MYH 2024/1022,True,Solna,Stockholm
MYH 2024/1023,True,Lund,Skåne
MYH 2024/1023,True,Örebro,Örebro
MYH 2024/1023,True,Gävle,Gävleborg
MYH 2024/1023,True,Stockholm,Stockholm
MYH 2024/1024,True,Linköping,Östergötland
MYH 2024/1024,True,Karlstad,Värmland
MYH 2024/1024,True,Uppsala,Uppsala
MYH 2024/1024,True,Örebro,Örebro
MYH 2024/1024,True,Varberg,Halland
MYH 2024/1025,True,Solna,Stockholm
MYH 2024/1026,True,Solna,Stockholm
MYH 2024/1027,True,Stockholm,Stockholm
MYH 2024/1027,True,Uddevalla,Västra Götaland
MYH 2024/1027,True,Umeå,Västerbotten
MYH 2024/1028,False,Göteborg,Västra Götaland
MYH 2024/1028,False,Växjö,Kronoberg
MYH 2024/1028,False,Umeå,Västerbotten
MYH 2024/1028,False,Stockholm,Stockholm
MYH 2024/1029,True,Solna,Stockholm
MYH 2024/1030,True,Solna,Stockholm
MYH 2024/1031,True,Landskrona,Skåne
MYH 2024/1032,True,Solna,Stockholm
MYH 2024/1033,True,Solna,Stockholm
MYH 2024/1034,True,Solna,Stockholm
MYH 2024/1036,True,Solna,Stockholm
MYH 2024/1037,True,Solna,Stockholm
MYH 2024/1038,True,Solna,Stockholm
MYH 2024/1039,True,Solna,Stockholm
MYH 2024/1040,True,Solna,Stockholm
MYH 2024/1041,True,Trelleborg,Skåne
MYH 2024/1042,True,Solna,Stockholm
MYH 2024/1043,True,Solna,Stockholm
MYH 2024/1044,True,Solna,Stockholm
MYH 2024/1047,True,Solna,Stockholm
MYH 2024/1048,True,Solna,Stockholm
MYH 2024/1049,True,Karlskrona,Blekinge
MYH 2024/1050,True,Umeå,Västerbotten
MYH 2024/1051,True,Umeå,Västerbotten
MYH 2024/1053,False,Ås,Jämtland
MYH 2024/1054,False,Trelleborg,Skåne
MYH 2024/1055,True,Västra Frölunda,Västra Götaland
MYH 2024/1057,True,Luleå,Norrbotten
MYH 2024/1058,True,Örebro,Örebro
MYH 2024/1058,True,Sjöbo,Skåne
MYH 2024/1059,False,Sollefteå,Västernorrland
MYH 2024/1060,False,Växjö,Kronoberg
MYH 2024/1061,False,Örebro,Örebro
MYH 2024/1061,False,Sjöbo,Skåne
MYH 2024/1062,False,Stockholm,Stockholm
MYH 2024/1063,False,Luleå,Norrbotten
MYH 2024/1065,True,Malmö,Skåne
MYH 2024/1069,True,Västra Frölunda,Västra Götaland
MYH 2024/1070,True,Stockholm,Stockholm
MYH 2024/1071,False,Örebro,Örebro
MYH 2024/1072,False,Örebro,Örebro
MYH 2024/1073,True,Stockholm,Stockholm
MYH 2024/1074,False,Stockholm,Stockholm
MYH 2024/1075,False,Båstad,Skåne
MYH 2024/1076,False,Båstad,Skåne
MYH 2024/1077,True,Nässjö,Jönköping
MYH 2024/1078,True,Malmö,Skåne
MYH 2024/1079,False,Piteå,Norrbotten
MYH 2024/1080,True,Västerås,Västmanland
MYH 2024/1081,True,Malmö,Skåne
MYH 2024/1082,True,Älmhult,Kronoberg
MYH 2024/1083,False,Örebro,Örebro
MYH 2024/1084,True,Växjö,Kronoberg
MYH 2024/1084,True,Helsingborg,Skåne
MYH 2024/1085,True,Eskilstuna,Södermanland
MYH 2024/1085,True,Köping,Västmanland
MYH 2024/1085,True,Skövde,Västra Götaland
MYH 2024/1085,True,Arvika,Värmland
MYH 2024/1085,True,Hallsberg,Örebro
MYH 2024/1086,True,Stockholm,Stockholm
MYH 2024/1087,True,Borås,Västra Götaland
MYH 2024/1087,True,Umeå,Västerbotten
MYH 2024/1087,True,Vara,Västra Götaland
MYH 2024/1087,True,Uddevalla,Västra Götaland
MYH 2024/1087,True,Arvika,Värmland
MYH 2024/1088,False,Ånge,Västernorrland
MYH 2024/1088,False,Göteborg,Västra Götaland
MYH 2024/1089,False,Falkenberg,Halland
MYH 2024/1089,False,Stockholm,Stockholm
MYH 2024/1090,False,Ånge,Västernorrland
MYH 2024/1090,False,Hässleholm,Skåne
MYH 2024/1091,False,Falkenberg,Halland
MYH 2024/1091,False,Stockholm,Stockholm
MYH 2024/1091,False,Eslöv,Skåne
MYH 2024/1092,False,Eslöv,Skåne
MYH 2024/1092,False,Ale,Västra Götaland
MYH 2024/1093,False,Helsingborg,Skåne
MYH 2024/1093,False,Uppsala,Uppsala
MYH 2024/1094,True,Piteå,Norrbotten
MYH 2024/1094,True,Göteborg,Västra Götaland
MYH 2024/1095,True,Askersund,Örebro
MYH 2024/1096,True,Örebro,Örebro
MYH 2024/1097,True,Askersund,Örebro
MYH 2024/1098,False,Hallsberg,Örebro
MYH 2024/1099,True,Stockholm,Stockholm
MYH 2024/1099,True,Malmö,Skåne
MYH 2024/1099,True,Umeå,Västerbotten
MYH 2024/1100,True,Malmö,Skåne
MYH 2024/1101,True,Piteå,Norrbotten
MYH 2024/1101,True,Göteborg,Västra Götaland
MYH 2024/1102,True,Köping,Västmanland
MYH 2024/1102,True,Boden,Norrbotten
MYH 2024/1103,True,Simrishamn,Skåne
MYH 2024/1103,True,Umeå,Västerbotten
MYH 2024/1103,True,Tanum,Västra Götaland
MYH 2024/1104,True,Göteborg,Västra Götaland
MYH 2024/1105,True,Norrtälje,Stockholm
MYH 2024/1105,True,Mariestad,Västra Götaland
MYH 2024/1105,True,Arvika,Värmland
MYH 2024/1106,True,Stockholm,Stockholm
MYH 2024/1106,True,Åre,Jämtland
MYH 2024/1106,True,Växjö,Kronoberg
MYH 2024/1106,True,Malung-Sälen,Dalarna
MYH 2024/1106,True,Gotland,Gotland
MYH 2024/1107,False,Kista,Stockholm
MYH 2024/1108,False,Kista,Stockholm
MYH 2024/1109,False,Botkyrka,Stockholm
MYH 2024/1110,False,Trollhättan,Västra Götaland
MYH 2024/1111,False,Falun,Dalarna
MYH 2024/1112,False,Falun,Dalarna
MYH 2024/1113,False,Falun,Dalarna
MYH 2024/1114,True,Trollhättan,Västra Götaland
MYH 2024/1115,False,Heby,Uppsala
MYH 2024/1115,False,Skara,Västra Götaland
MYH 2024/1116,False,Göteborg,Västra Götaland
MYH 2024/1116,False,Lund,Skåne
MYH 2024/1116,False,Umeå,Västerbotten
MYH 2024/1116,False,Örebro,Örebro
MYH 2024/1116,False,Stockholm,Stockholm
MYH 2024/1117,False,Stockholm,Stockholm
MYH 2024/1118,False,Hallsberg,Örebro
MYH 2024/1118,False,Vänersborg,Västra Götaland
MYH 2024/1118,False,Hässleholm,Skåne
MYH 2024/1118,False,Ale,Västra Götaland
MYH 2024/1118,False,Enköping,Uppsala
MYH 2024/1119,False,Helsingborg,Skåne
MYH 2024/1119,False,Uppsala,Uppsala
MYH 2024/1119,False,Falköping,Västra Götaland
MYH 2024/1120,False,Stockholm,Stockholm
MYH 2024/1121,False,Götene,Västra Götaland
MYH 2024/1121,False,Sala,Västmanland
MYH 2024/1121,False,Heby,Uppsala
MYH 2024/1122,False,Stockholm,Stockholm
MYH 2024/1123,False,Stockholm,Stockholm
MYH 2024/1124,False,Stockholm,Stockholm
MYH 2024/1125,True,Stockholm,Stockholm
MYH 2024/1126,False,Stockholm,Stockholm
MYH 2024/1127,True,Stockholm,Stockholm
MYH 2024/1128,True,Stockholm,Stockholm
MYH 2024/1129,False,Eslöv,Skåne
MYH 2024/1130,False,Eslöv,Skåne
MYH 2024/1131,True,Göteborg,Västra Götaland
MYH 2024/1132,True,Göteborg,Västra Götaland
MYH 2024/1133,True,Trollhättan,Västra Götaland
MYH 2024/1134,True,Umeå,Västerbotten
MYH 2024/1134,True,Uppsala,Uppsala
MYH 2024/1135,False,Borås,Västra Götaland
MYH 2024/1136,True,Borås,Västra Götaland
MYH 2024/1137,True,Borås,Västra Götaland
MYH 2024/1138,True,Göteborg,Västra Götaland
MYH 2024/1138,True,Stockholm,Stockholm
MYH 2024/1139,True,Stockholm,Stockholm
MYH 2024/1139,True,Göteborg,Västra Götaland
MYH 2024/1140,True,Stockholm,Stockholm
MYH 2024/1140,True,Göteborg,Västra Götaland
MYH 2024/1142,True,Malmö,Skåne
MYH 2024/1142,True,Göteborg,Västra Götaland
MYH 2024/1143,True,Stockholm,Stockholm
MYH 2024/1143,True,Malmö,Skåne
MYH 2024/1144,True,Liljeholmen,Stockholm
MYH 2024/1145,True,Liljeholmen,Stockholm
MYH 2024/1146,True,Malmö,Skåne
MYH 2024/1147,False,Stockholm,Stockholm
MYH 2024/1148,False,Liljeholmen,Stockholm
MYH 2024/1149,False,Liljeholmen,Stockholm
MYH 2024/1150,False,Liljeholmen,Stockholm
MYH 2024/1151,False,Liljeholmen,Stockholm
MYH 2024/1152,True,Göteborg,Västra Götaland
MYH 2024/1152,True,Stockholm,Stockholm
MYH 2024/1153,True,Liljeholmen,Stockholm
MYH 2024/1154,True,Malmö,Skåne
MYH 2024/1154,True,Stockholm,Stockholm
MYH 2024/1155,False,Liljeholmen,Stockholm
MYH 2024/1156,True,Göteborg,Västra Götaland
MYH 2024/1158,False,Göteborg,Västra Götaland
MYH 2024/1159,False,Liljeholmen,Stockholm
MYH 2024/1160,False,Liljeholmen,Stockholm
MYH 2024/1161,False,Vilhelmina,Västerbotten
MYH 2024/1162,True,Stockholm,Stockholm
MYH 2024/1163,False,Stockholm,Stockholm
MYH 2024/1164,True,Stockholm,Stockholm
MYH 2024/1165,True,Jönköping,Jönköping
MYH 2024/1165,True,Linköping,Östergötland
MYH 2024/1165,True,Stockholm,Stockholm
MYH 2024/1166,True,Stockholm,Stockholm
MYH 2024/1166,True,Tranås,Jönköping
MYH 2024/1166,True,Linköping,Östergötland
MYH 2024/1166,True,Helsingborg,Skåne
MYH 2024/1167,True,Stockholm,Stockholm
MYH 2024/1168,True,Stockholm,Stockholm
MYH 2024/1169,False,Uddevalla,Västra Götaland
MYH 2024/1169,False,Linköping,Östergötland
MYH 2024/1169,False,Malmö,Skåne
MYH 2024/1170,True,Stockholm,Stockholm
MYH 2024/1170,True,Göteborg,Västra Götaland
MYH 2024/1171,False,Stockholm,Stockholm
MYH 2024/1171,False,Göteborg,Västra Götaland
MYH 2024/1172,False,Umeå,Västerbotten
MYH 2024/1173,False,Norrköping,Östergötland
MYH 2024/1174,False,Norrköping,Östergötland
MYH 2024/1175,False,Norrköping,Östergötland
MYH 2024/1176,True,Enköping,Uppsala
MYH 2024/1176,True,Västerås,Västmanland
MYH 2024/1177,True,Mariestad,Västra Götaland
MYH 2024/1178,True,Jönköping,Jönköping
MYH 2024/1178,True,Tranås,Jönköping
MYH 2024/1178,True,Stockholm,Stockholm
MYH 2024/1179,True,Mariestad,Västra Götaland
MYH 2024/1180,True,Mariestad,Västra Götaland
MYH 2024/1181,False,Mariestad,Västra Götaland
MYH 2024/1181,False,Stockholm,Stockholm
MYH 2024/1182,False,Mariestad,Västra Götaland
MYH 2024/1183,False,Jönköping,Jönköping
MYH 2024/1183,False,Helsingborg,Skåne
MYH 2024/1183,False,Linköping,Östergötland
MYH 2024/1183,False,Stockholm,Stockholm
MYH 2024/1184,True,Linköping,Östergötland
MYH 2024/1184,True,Jönköping,Jönköping
MYH 2024/1185,False,Linköping,Östergötland
MYH 2024/1185,False,Stockholm,Stockholm
MYH 2024/1185,False,Helsingborg,Skåne
MYH 2024/1185,False,Jönköping,Jönköping
MYH 2024/1186,False,Stockholm,Stockholm
MYH 2024/1186,False,Linköping,Östergötland
MYH 2024/1186,False,Jönköping,Jönköping
MYH 2024/1187,True,Stockholm,Stockholm
MYH 2024/1188,False,Stockholm,Stockholm
MYH 2024/1188,False,Helsingborg,Skåne
MYH 2024/1188,False,Jönköping,Jönköping
MYH 2024/1188,False,Linköping,Östergötland
MYH 2024/1189,False,Fagersta,Västmanland
MYH 2024/1189,False,Köping,Västmanland
MYH 2024/1190,False,Huskvarna,Jönköping
MYH 2024/1191,False,Fagersta,Västmanland
MYH 2024/1191,False,Köping,Västmanland
MYH 2024/1192,False,Köping,Västmanland
MYH 2024/1192,False,Fagersta,Västmanland
MYH 2024/1193,False,Fagersta,Västmanland
MYH 2024/1193,False,Köping,Västmanland
MYH 2024/1194,False,Stockholm,Stockholm
MYH 2024/1195,True,Stockholm,Stockholm
MYH 2024/1196,True,Umeå,Västerbotten
MYH 2024/1197,False,Stockholm,Stockholm
MYH 2024/1198,True,Falun,Dalarna
MYH 2024/1198,True,Göteborg,Västra Götaland
MYH 2024/1199,False,Globen,Stockholm
MYH 2024/1200,False,Stockholm,Stockholm
MYH 2024/1201,False,Luleå,Norrbotten
MYH 2024/1201,False,Gällivare,Norrbotten
MYH 2024/1201,False,Norrköping,Östergötland
MYH 2024/1202,True,Jönköping,Jönköping
MYH 2024/1202,True,Stockholm,Stockholm
MYH 2024/1203,True,Kristianstad,Skåne
MYH 2024/1204,True,Umeå,Västerbotten
MYH 2024/1205,True,Helsingborg,Skåne
MYH 2024/1205,True,Linköping,Östergötland
MYH 2024/1205,True,Skellefteå,Västerbotten
MYH 2024/1205,True,Jönköping,Jönköping
MYH 2024/1205,True,Stockholm,Stockholm
MYH 2024/1206,False,Örnsköldsvik,Västernorrland
MYH 2024/1207,True,Stockholm,Stockholm
MYH 2024/1207,True,Umeå,Västerbotten
MYH 2024/1207,True,Göteborg,Västra Götaland
MYH 2024/1208,True,Trollhättan,Västra Götaland
MYH 2024/1209,False,Vänersborg,Västra Götaland
MYH 2024/1210,True,Uppsala,Uppsala
MYH 2024/1211,False,Göteborg,Västra Götaland
MYH 2024/1213,False,Skellefteå,Västerbotten
MYH 2024/1213,False,Stockholm,Stockholm
MYH 2024/1213,False,Helsingborg,Skåne
MYH 2024/1213,False,Jönköping,Jönköping
MYH 2024/1213,False,Linköping,Östergötland
MYH 2024/1214,False,Uppsala,Uppsala
MYH 2024/1215,True,Stockholm,Stockholm
MYH 2024/1216,False,Knivsta,Uppsala
MYH 2024/1217,True,Örebro,Örebro
MYH 2024/1217,True,Helsingborg,Skåne
MYH 2024/1218,True,Umeå,Västerbotten
MYH 2024/1219,True,Stockholm,Stockholm
MYH 2024/1220,True,Båstad,Skåne
MYH 2024/1221,False,Trollhättan,Västra Götaland
MYH 2024/1222,True,Umeå,Västerbotten
MYH 2024/1223,True,Uppsala,Uppsala
MYH 2024/1224,False,Göteborg,Västra Götaland
MYH 2024/1225,False,Oskarshamn,Kalmar
MYH 2024/1226,True,Västerås,Västmanland
MYH 2024/1227,True,Solna,Stockholm
MYH 2024/1228,False,Rydebäck,Skåne
MYH 2024/1230,True,Örnsköldsvik,Västernorrland
MYH 2024/1232,True,Trollhättan,Västra Götaland
MYH 2024/1233,True,Västerås,Västmanland
MYH 2024/1234,False,Luleå,Norrbotten
MYH 2024/1235,True,Stockholm,Stockholm
MYH 2024/1236,False,Luleå,Norrbotten
MYH 2024/1237,False,Luleå,Norrbotten
MYH 2024/1238,True,Tranås,Jönköping
MYH 2024/1238,True,Jönköping,Jönköping
MYH 2024/1238,True,Skellefteå,Västerbotten
MYH 2024/1238,True,Helsingborg,Skåne
MYH 2024/1238,True,Stockholm,Stockholm
MYH 2024/1239,False,Nyköping,Södermanland
MYH 2024/1240,True,Sundsvall,Västernorrland
MYH 2024/1240,True,Luleå,Norrbotten
MYH 2024/1240,True,Södertälje,Stockholm
MYH 2024/1241,True,Piteå,Norrbotten
MYH 2024/1241,True,Göteborg,Västra Götaland
MYH 2024/1242,False,Gislaved,Jönköping
MYH 2024/1243,False,Jönköping,Jönköping
MYH 2024/1243,False,Stockholm,Stockholm
MYH 2024/1243,False,Skellefteå,Västerbotten
MYH 2024/1243,False,Linköping,Östergötland
MYH 2024/1243,False,Helsingborg,Skåne
MYH 2024/1244,False,Gislaved,Jönköping
MYH 2024/1245,False,Malmö,Skåne
MYH 2024/1245,False,Stockholm,Stockholm
MYH 2024/1246,False,Gislaved,Jönköping
MYH 2024/1247,False,Göteborg,Västra Götaland
MYH 2024/1247,False,Botkyrka,Stockholm
MYH 2024/1248,True,Tumba,Stockholm
MYH 2024/1249,False,Tumba,Stockholm
MYH 2024/1250,False,Tumba,Stockholm
MYH 2024/1251,False,Lund,Skåne
MYH 2024/1252,True,Nyköping,Södermanland
MYH 2024/1253,True,Mölndal,Västra Götaland
MYH 2024/1254,False,Göteborg,Västra Götaland
MYH 2024/1256,False,Falun,Dalarna
MYH 2024/1257,False,Stockholm,Stockholm
MYH 2024/1258,False,Stockholm,Stockholm
MYH 2024/1259,False,Stockholm,Stockholm
MYH 2024/1260,False,Stockholm,Stockholm
MYH 2024/1261,False,Stockholm,Stockholm
MYH 2024/1262,True,Skellefteå,Västerbotten
MYH 2024/1263,False,Uddevalla,Västra Götaland
MYH 2024/1264,False,Härnösand,Västernorrland
MYH 2024/1265,False,Malmö,Skåne
MYH 2024/1265,False,Göteborg,Västra Götaland
MYH 2024/1265,False,Stockholm,Stockholm
MYH 2024/1265,False,Luleå,Norrbotten
MYH 2024/1266,False,Stockholm,Stockholm
MYH 2024/1266,False,Luleå,Norrbotten
MYH 2024/1266,False,Malmö,Skåne
MYH 2024/1266,False,Göteborg,Västra Götaland
MYH 2024/1267,False,Malmö,Skåne
MYH 2024/1267,False,Luleå,Norrbotten
MYH 2024/1267,False,Göteborg,Västra Götaland
MYH 2024/1267,False,Stockholm,Stockholm
MYH 2024/1268,True,Linköping,Östergötland
MYH 2024/1268,True,Tranås,Jönköping
MYH 2024/1268,True,Jönköping,Jönköping
MYH 2024/1268,True,Stockholm,Stockholm
MYH 2024/1268,True,Helsingborg,Skåne
MYH 2024/1269,True,Skellefteå,Västerbotten
MYH 2024/1269,True,Stockholm,Stockholm
MYH 2024/1269,True,Jönköping,Jönköping
MYH 2024/1269,True,Linköping,Östergötland
MYH 2024/1269,True,Helsingborg,Skåne
MYH 2024/1270,False,Linköping,Östergötland
MYH 2024/1270,False,Jönköping,Jönköping
MYH 2024/1270,False,Skellefteå,Västerbotten
MYH 2024/1270,False,Helsingborg,Skåne
MYH 2024/1270,False,Stockholm,Stockholm
MYH 2024/1271,True,Göteborg,Västra Götaland
MYH 2024/1272,True,Västerås,Västmanland
MYH 2024/1274,False,Västerås,Västmanland
MYH 2024/1276,True,Linköping,Östergötland
MYH 2024/1277,False,Linköping,Östergötland
MYH 2024/1279,True,Enköping,Uppsala
MYH 2024/1280,False,Linköping,Östergötland
MYH 2024/1281,True,Göteborg,Västra Götaland
MYH 2024/1281,True,Alingsås,Västra Götaland
MYH 2024/1282,False,Linköping,Östergötland
MYH 2024/1283,True,Västerås,Västmanland
MYH 2024/1284,True,Linköping,Östergötland
MYH 2024/1285,False,Linköping,Östergötland
MYH 2024/1286,True,Stockholm,Stockholm
MYH 2024/1287,True,Göteborg,Västra Götaland
MYH 2024/1288,True,Karlskoga,Örebro
MYH 2024/1289,False,Göteborg,Västra Götaland
MYH 2024/1290,False,Trelleborg,Skåne
MYH 2024/1291,True,Stockholm,Stockholm
MYH 2024/1292,True,Stockholm,Stockholm
MYH 2024/1294,True,Karlskoga,Örebro
MYH 2024/1295,True,Helsingborg,Skåne
MYH 2024/1295,True,Skellefteå,Västerbotten
MYH 2024/1295,True,Jönköping,Jönköping
MYH 2024/1295,True,Linköping,Östergötland
MYH 2024/1295,True,Stockholm,Stockholm
MYH 2024/1296,True,Stockholm,Stockholm
MYH 2024/1297,True,Malmö,Skåne
MYH 2024/1297,True,Stockholm,Stockholm
MYH 2024/1298,True,Stockholm,Stockholm
MYH 2024/1299,True,Malmö,Skåne
MYH 2024/1300,False,Malmö,Skåne
MYH 2024/1301,True,Malmö,Skåne
MYH 2024/1302,False,Malmö,Skåne
MYH 2024/1302,False,Stockholm,Stockholm
MYH 2024/1303,True,Göteborg,Västra Götaland
MYH 2024/1304,True,Malmö,Skåne
MYH 2024/1304,True,Stockholm,Stockholm
MYH 2024/1305,False,Malmö,Skåne
MYH 2024/1305,False,Stockholm,Stockholm
MYH 2024/1306,True,Malmö,Skåne
MYH 2024/1307,True,Västerås,Västmanland
MYH 2024/1308,True,Stockholm,Stockholm
MYH 2024/1308,True,Malmö,Skåne
MYH 2024/1308,True,Luleå,Norrbotten
MYH 2024/1309,True,Stockholm,Stockholm
MYH 2024/1310,False,Stockholm,Stockholm
MYH 2024/1311,False,Vänersborg,Västra Götaland
MYH 2024/1312,False,Malmö,Skåne
MYH 2024/1313,True,Stockholm,Stockholm
MYH 2024/1314,False,Göteborg,Västra Götaland
MYH 2024/1315,True,Stockholm,Stockholm
MYH 2024/1316,True,Uppsala,Uppsala
MYH 2024/1316,True,Enköping,Uppsala
MYH 2024/1317,True,Malmö,Skåne
MYH 2024/1318,True,Stockholm,Stockholm
MYH 2024/1319,True,Västerås,Västmanland
MYH 2024/1320,False,Göteborg,Västra Götaland
MYH 2024/1321,False,Göteborg,Västra Götaland
MYH 2024/1322,True,Stockholm,Stockholm
MYH 2024/1323,True,Karlskoga,Örebro
MYH 2024/1324,False,Karlskoga,Örebro
MYH 2024/1327,True,Stockholm,Stockholm
MYH 2024/1328,False,Göteborg,Västra Götaland
MYH 2024/1329,True,Stockholm,Stockholm
MYH 2024/1330,False,Trelleborg,Skåne
MYH 2024/1331,False,Göteborg,Västra Götaland
MYH 2024/1332,False,Trelleborg,Skåne
MYH 2024/1333,True,Båstad,Skåne
MYH 2024/1334,False,Göteborg,Västra Götaland
MYH 2024/1336,True,Västerås,Västmanland
MYH 2024/1337,False,Västerås,Västmanland
MYH 2024/1338,True,Vänersborg,Västra Götaland
MYH 2024/1340,False,Botkyrka,Stockholm
MYH 2024/1341,False,Mölndal,Västra Götaland
MYH 2024/1342,True,Uppsala,Uppsala
MYH 2024/1343,False,Göteborg,Västra Götaland
MYH 2024/1344,False,Stockholm,Stockholm
MYH 2024/1345,True,Gnosjö,Jönköping
MYH 2024/1345,True,Göteborg,Västra Götaland
MYH 2024/1347,True,Göteborg,Västra Götaland
MYH 2024/1348,True,Göteborg,Västra Götaland
MYH 2024/1349,True,Stockholm,Stockholm
MYH 2024/1350,True,Uppsala,Uppsala
MYH 2024/1351,True,Malmö,Skåne
MYH 2024/1352,True,Malmö,Skåne
MYH 2024/1353,True,Stockholm,Stockholm
MYH 2024/1354,True,Stockholm,Stockholm
MYH 2024/1355,False,Mölndal,Västra Götaland
MYH 2024/1356,True,Stockholm,Stockholm
MYH 2024/1357,True,Luleå,Norrbotten
MYH 2024/1357,True,Malmö,Skåne
MYH 2024/1357,True,Stockholm,Stockholm
MYH 2024/1358,True,Stockholm,Stockholm
MYH 2024/1359,False,Karlskoga,Örebro
MYH 2024/1360,True,Göteborg,Västra Götaland
MYH 2024/1361,True,Nyköping,Södermanland
MYH 2024/1362,False,Lidköping,Västra Götaland
MYH 2024/1363,False,Mölndal,Västra Götaland
MYH 2024/1364,True,Simrishamn,Skåne
MYH 2024/1365,True,Strömsholm,Västmanland
MYH 2024/1366,True,Malmö,Skåne
MYH 2024/1367,False,Piteå,Norrbotten
MYH 2024/1367,False,Arvika,Värmland
MYH 2024/1367,False,Göteborg,Västra Götaland
MYH 2024/1368,True,Malmö,Skåne
MYH 2024/1368,True,Stockholm,Stockholm
MYH 2024/1368,True,Luleå,Norrbotten
MYH 2024/1369,True,Göteborg,Västra Götaland
MYH 2024/1370,True,Stockholm,Stockholm
MYH 2024/1371,True,Göteborg,Västra Götaland
MYH 2024/1372,True,Nyköping,Södermanland
MYH 2024/1373,False,Tumba,Stockholm
MYH 2024/1374,True,Nyköping,Södermanland
MYH 2024/1375,True,Nyköping,Södermanland
MYH 2024/1376,True,Malmö,Skåne
MYH 2024/1377,False,Lidköping,Västra Götaland
MYH 2024/1378,False,Linköping,Östergötland
MYH 2024/1379,True,Skövde,Västra Götaland
MYH 2024/1380,False,Tumba,Stockholm
MYH 2024/1381,False,Skövde,Västra Götaland
MYH 2024/1382,False,Stockholm,Stockholm
MYH 2024/1383,False,Sundsvall,Västernorrland
MYH 2024/1385,True,Hudiksvall,Gävleborg
MYH 2024/1386,False,Gävle,Gävleborg
MYH 2024/1387,False,Gävle,Gävleborg
MYH 2024/1388,False,Vänersborg,Västra Götaland
MYH 2024/1389,False,Stockholm,Stockholm
MYH 2024/1390,True,Malmö,Skåne
MYH 2024/1391,False,Västerås,Västmanland
MYH 2024/1392,False,Göteborg,Västra Götaland
MYH 2024/1393,False,Härryda,Västra Götaland
MYH 2024/1393,False,Stockholm,Stockholm
MYH 2024/1393,False,Umeå,Västerbotten
MYH 2024/1394,True,Båstad,Skåne
MYH 2024/1395,False,Lund,Skåne
MYH 2024/1395,False,Jönköping,Jönköping
MYH 2024/1396,False,Jönköping,Jönköping
MYH 2024/1396,False,Lund,Skåne
MYH 2024/1397,False,Helsingborg,Skåne
MYH 2024/1398,True,Norrköping,Östergötland
MYH 2024/1399,False,Göteborg,Västra Götaland
MYH 2024/1400,False,Stockholm,Stockholm
MYH 2024/1401,False,Stockholm,Stockholm
MYH 2024/1402,False,Vilhelmina,Västerbotten
MYH 2024/1403,True,Norrköping,Östergötland
MYH 2024/1404,False,Stockholm,Stockholm
MYH 2024/1405,True,Stockholm,Stockholm
MYH 2024/1406,True,Stockholm,Stockholm
MYH 2024/1406,True,Sollefteå,Västernorrland
MYH 2024/1407,True,Lidköping,Västra Götaland
MYH 2024/1408,True,Stockholm,Stockholm
MYH 2024/1409,True,Stockholm,Stockholm
MYH 2024/1410,True,Göteborg,Västra Götaland
MYH 2024/1410,True,Arvika,Värmland
MYH 2024/1410,True,Piteå,Norrbotten
MYH 2024/1411,True,Stockholm,Stockholm
MYH 2024/1412,True,Mölndal,Västra Götaland
MYH 2024/1413,False,Stockholm,Stockholm
MYH 2024/1414,False,Stockholm,Stockholm
MYH 2024/1415,False,Angered,Västra Götaland
MYH 2024/1416,False,Göteborg,Västra Götaland
MYH 2024/1417,True,Stockholm,Stockholm
MYH 2024/1418,False,Västerås,Västmanland
MYH 2024/1418,False,Malmö,Skåne
MYH 2024/1418,False,Göteborg,Västra Götaland
MYH 2024/1418,False,Boden,Norrbotten
MYH 2024/1418,False,Stockholm,Stockholm
MYH 2024/1419,False,Stockholm,Stockholm
MYH 2024/1420,True,Göteborg,Västra Götaland
MYH 2024/1421,False,Stockholm,Stockholm
MYH 2024/1422,False,Tumba,Stockholm
MYH 2024/1423,False,Stockholm,Stockholm
MYH 2024/1424,False,Stockholm,Stockholm
MYH 2024/1425,True,Stockholm,Stockholm
MYH 2024/1426,False,Lund,Skåne
MYH 2024/1427,False,Stockholm,Stockholm
MYH 2024/1428,True,Uppsala,Uppsala
MYH 2024/1429,False,Lund,Skåne
MYH 2024/1430,False,Göteborg,Västra Götaland
MYH 2024/1431,False,Borås,Västra Götaland
MYH 2024/1432,False,Malmö,Skåne
MYH 2024/1432,False,Lund,Skåne
MYH 2024/1433,False,Borås,Västra Götaland
MYH 2024/1434,True,Örnsköldsvik,Västernorrland
MYH 2024/1435,True,Stockholm,Stockholm
MYH 2024/1436,True,Tumba,Stockholm
MYH 2024/1437,True,Stockholm,Stockholm
MYH 2024/1438,True,Stockholm,Stockholm
MYH 2024/1439,False,Malmö,Skåne
MYH 2024/1440,False,Tumba,Stockholm
MYH 2024/1441,True,Stockholm,Stockholm
MYH 2024/1442,True,Sunne,Värmland
MYH 2024/1443,True,Stockholm,Stockholm
MYH 2024/1444,True,Sunne,Värmland
MYH 2024/1445,True,Sunne,Värmland
MYH 2024/1446,False,Sunne,Värmland
MYH 2024/1447,False,Gislaved,Jönköping
MYH 2024/1448,False,Tumba,Stockholm
MYH 2024/1449,False,Torsåker,Gävleborg
MYH 2024/1450,False,Växjö,Kronoberg
MYH 2024/1451,True,Växjö,Kronoberg
MYH 2024/1452,True,Stockholm,Stockholm
MYH 2024/1453,True,Växjö,Kronoberg
MYH 2024/1454,False,Göteborg,Västra Götaland
MYH 2024/1454,False,Växjö,Kronoberg
MYH 2024/1454,False,Helsingborg,Skåne
MYH 2024/1454,False,Eskilstuna,Södermanland
MYH 2024/1455,False,Tumba,Stockholm
MYH 2024/1456,False,Stockholm,Stockholm
MYH 2024/1457,False,Stockholm,Stockholm
MYH 2024/1458,False,Lund,Skåne
MYH 2024/1458,False,Göteborg,Västra Götaland
MYH 2024/1458,False,Linköping,Östergötland
MYH 2024/1458,False,Stockholm,Stockholm
MYH 2024/1460,False,Tumba,Stockholm
MYH 2024/1461,True,Stockholm,Stockholm
MYH 2024/1462,True,Växjö,Kronoberg
MYH 2024/1463,False,Ljungbyhed,Skåne
MYH 2024/1464,False,Växjö,Kronoberg
MYH 2024/1465,False,Arboga,Västmanland
MYH 2024/1466,True,Stockholm,Stockholm
MYH 2024/1467,False,Arboga,Västmanland
MYH 2024/1468,True,Stockholm,Stockholm
MYH 2024/1469,False,Arboga,Västmanland
MYH 2024/1470,True,Stockholm,Stockholm
MYH 2024/1471,False,Skövde,Västra Götaland
MYH 2024/1472,True,Göteborg,Västra Götaland
MYH 2024/1473,True,Malmö,Skåne
MYH 2024/1474,False,Haninge,Stockholm
MYH 2024/1474,False,Östersund,Jämtland
MYH 2024/1474,False,Krokom,Jämtland
MYH 2024/1475,True,Göteborg,Västra Götaland
MYH 2024/1475,True,Värnamo,Jönköping
MYH 2024/1476,False,Lund,Skåne
MYH 2024/1476,False,Stockholm,Stockholm
MYH 2024/1476,False,Eskilstuna,Södermanland
MYH 2024/1476,False,Göteborg,Västra Götaland
MYH 2024/1476,False,Växjö,Kronoberg
MYH 2024/1477,True,Göteborg,Västra Götaland
MYH 2024/1478,True,Stockholm,Stockholm
MYH 2024/1479,False,Göteborg,Västra Götaland
MYH 2024/1480,True,Lund,Skåne
MYH 2024/1481,True,Göteborg,Västra Götaland
MYH 2024/1482,True,Göteborg,Västra Götaland
MYH 2024/1482,True,Stockholm,Stockholm
MYH 2024/1483,True,Göteborg,Västra Götaland
MYH 2024/1484,True,Leksand,Dalarna
MYH 2024/1484,True,Solna,Stockholm
MYH 2024/1485,False,Göteborg,Västra Götaland
MYH 2024/1487,False,Bromma,Stockholm
MYH 2024/1488,True,Stockholm,Stockholm
MYH 2024/1489,True,Stockholm,Stockholm
MYH 2024/1490,True,Stockholm,Stockholm
MYH 2024/1491,True,Göteborg,Västra Götaland
MYH 2024/1492,True,Göteborg,Västra Götaland
MYH 2024/1493,True,Göteborg,Västra Götaland
MYH 2024/1494,False,Stockholm,Stockholm
MYH 2024/1494,False,Göteborg,Västra Götaland
MYH 2024/1494,False,Malmö,Skåne
MYH 2024/1494,False,Luleå,Norrbotten
MYH 2024/1494,False,Umeå,Västerbotten
MYH 2024/1495,True,Stockholm,Stockholm
MYH 2024/1496,False,Botkyrka,Stockholm
MYH 2024/1497,True,Stockholm,Stockholm
MYH 2024/1498,True,Stockholm,Stockholm
MYH 2024/1499,True,Sundsvall,Västernorrland
MYH 2024/1500,True,Ljungby,Kronoberg
MYH 2024/1501,False,Gävle,Gävleborg
MYH 2024/1502,True,Stockholm,Stockholm
MYH 2024/1503,False,Värnamo,Jönköping
MYH 2024/1503,False,Göteborg,Västra Götaland
MYH 2024/1504,True,Stockholm,Stockholm
MYH 2024/1505,False,Uppsala,Uppsala
MYH 2024/1506,False,Ljungby,Kronoberg
MYH 2024/1507,False,Gävle,Gävleborg
MYH 2024/1508,True,Malmö,Skåne
MYH 2024/1508,True,Stockholm,Stockholm
MYH 2024/1508,True,Örebro,Örebro
MYH 2024/1509,True,Göteborg,Västra Götaland
MYH 2024/1510,True,Bromma,Stockholm
MYH 2024/1511,True,Lund,Skåne
MYH 2024/1512,False,Göteborg,Västra Götaland
MYH 2024/1513,False,Göteborg,Västra Götaland
MYH 2024/1514,False,Göteborg,Västra Götaland
MYH 2024/1515,False,Stockholm,Stockholm
MYH 2024/1516,True,Stockholm,Stockholm
MYH 2024/1517,False,Stockholm,Stockholm
MYH 2024/1518,False,Stockholm,Stockholm
MYH 2024/1519,False,Stockholm,Stockholm
MYH 2024/1520,False,Borås,Västra Götaland
MYH 2024/1521,True,Borås,Västra Götaland
MYH 2024/1522,True,Borås,Västra Götaland
MYH 2024/1523,True,Borås,Västra Götaland
MYH 2024/1524,True,Borås,Västra Götaland
MYH 2024/1525,True,Borås,Västra Götaland
MYH 2024/1526,True,Stockholm,Stockholm
MYH 2024/1527,True,Globen,Stockholm
MYH 2024/1528,False,Globen,Stockholm
MYH 2024/1529,True,Stockholm,Stockholm
MYH 2024/1530,False,Globen,Stockholm
MYH 2024/1531,False,Globen,Stockholm
MYH 2024/1532,True,Stockholm,Stockholm
MYH 2024/1533,False,Globen,Stockholm
MYH 2024/1534,True,Göteborg,Västra Götaland
MYH 2024/1535,False,Filipstad,Värmland
MYH 2024/1536,False,Filipstad,Värmland
MYH 2024/1537,False,Filipstad,Värmland
MYH 2024/1538,False,Filipstad,Värmland
MYH 2024/1539,False,Filipstad,Värmland
MYH 2024/1540,False,Falkenberg,Halland
MYH 2024/1541,False,Stockholm,Stockholm
MYH 2024/1542,True,Malmö,Skåne
MYH 2024/1543,False,Boden,Norrbotten
MYH 2024/1543,False,Göteborg,Västra Götaland
MYH 2024/1544,True,Göteborg,Västra Götaland
MYH 2024/1545,False,Malmö,Skåne
MYH 2024/1546,True,Göteborg,Västra Götaland
MYH 2024/1547,False,Borås,Västra Götaland
MYH 2024/1548,True,Stockholm,Stockholm
MYH 2024/1549,True,Göteborg,Västra Götaland
MYH 2024/1549,True,Piteå,Norrbotten
MYH 2024/1550,False,Örebro,Örebro
MYH 2024/1551,True,Globen,Stockholm
MYH 2024/1552,True,Göteborg,Västra Götaland
MYH 2024/1553,True,Nyköping,Södermanland
MYH 2024/1554,True,Göteborg,Västra Götaland
MYH 2024/1555,True,Borås,Västra Götaland
MYH 2024/1556,True,Göteborg,Västra Götaland
MYH 2024/1557,True,Borås,Västra Götaland
MYH 2024/1558,False,Göteborg,Västra Götaland
MYH 2024/1559,False,Göteborg,Västra Götaland
MYH 2024/1560,True,Göteborg,Västra Götaland
MYH 2024/1561,False,Göteborg,Västra Götaland
MYH 2024/1562,False,Göteborg,Västra Götaland
MYH 2024/1563,False,Göteborg,Västra Götaland
MYH 2024/1564,True,Göteborg,Västra Götaland
MYH 2024/1565,True,Göteborg,Västra Götaland
MYH 2024/1566,True,Globen,Stockholm
MYH 2024/1567,True,Göteborg,Västra Götaland
MYH 2024/1567,True,Stockholm,Stockholm
MYH 2024/1568,True,Malmö,Skåne
MYH 2024/1568,True,Göteborg,Västra Götaland
MYH 2024/1569,True,Malmö,Skåne
MYH 2024/1570,True,Malmö,Skåne
MYH 2024/1571,True,Stockholm,Stockholm
MYH 2024/1572,False,Stockholm,Stockholm
MYH 2024/1573,True,Malmö,Skåne
MYH 2024/1574,False,Örebro,Örebro
MYH 2024/1575,False,Borås,Västra Götaland
MYH 2024/1576,True,Örebro,Örebro
MYH 2024/1577,True,Malmö,Skåne
MYH 2024/1578,True,Göteborg,Västra Götaland
MYH 2024/1579,False,Malmö,Skåne
MYH 2024/1580,False,Västerås,Västmanland
MYH 2024/1580,False,Gävle,Gävleborg
MYH 2024/1580,False,Jönköping,Jönköping
MYH 2024/1580,False,Örebro,Örebro
MYH 2024/1581,False,Stockholm,Stockholm
MYH 2024/1582,True,Gävle,Gävleborg
MYH 2024/1582,True,Västerås,Västmanland
MYH 2024/1582,True,Jönköping,Jönköping
MYH 2024/1582,True,Örebro,Örebro
MYH 2024/1583,False,Stockholm,Stockholm
MYH 2024/1584,True,Växjö,Kronoberg
MYH 2024/1585,False,Gävle,Gävleborg
MYH 2024/1585,False,Örebro,Örebro
MYH 2024/1586,False,Stockholm,Stockholm
MYH 2024/1587,False,Stockholm,Stockholm
MYH 2024/1588,False,Helsingborg,Skåne
MYH 2024/1588,False,Stockholm,Stockholm
MYH 2024/1588,False,Örebro,Örebro
MYH 2024/1588,False,Gävle,Gävleborg
MYH 2024/1588,False,Karlstad,Värmland
MYH 2024/1589,False,Eskilstuna,Södermanland
MYH 2024/1590,False,Gävle,Gävleborg
MYH 2024/1590,False,Stockholm,Stockholm
MYH 2024/1590,False,Karlstad,Värmland
MYH 2024/1590,False,Örebro,Örebro
MYH 2024/1591,True,Karlstad,Värmland
MYH 2024/1591,True,Stockholm,Stockholm
MYH 2024/1591,True,Gävle,Gävleborg
MYH 2024/1592,False,Stockholm,Stockholm
MYH 2024/1592,False,Malmö,Skåne
MYH 2024/1592,False,Göteborg,Västra Götaland
MYH 2024/1593,False,Stockholm,Stockholm
MYH 2024/1594,False,Malmö,Skåne
MYH 2024/1595,False,Helsingborg,Skåne
MYH 2024/1595,False,Stockholm,Stockholm
MYH 2024/1596,False,Borås,Västra Götaland
MYH 2024/1597,True,Örebro,Örebro
MYH 2024/1598,True,Örebro,Örebro
MYH 2024/1599,True,Örebro,Örebro
MYH 2024/160,True,Örebro,Örebro
MYH 2024/1600,True,Örebro,Örebro
MYH 2024/1601,False,Örebro,Örebro
MYH 2024/1602,False,Stockholm,Stockholm
MYH 2024/1603,False,Stockholm,Stockholm
MYH 2024/1604,True,Malmö,Skåne
MYH 2024/1605,False,Stockholm,Stockholm
MYH 2024/1606,False,Göteborg,Västra Götaland
MYH 2024/1607,False,Vänersborg,Västra Götaland
MYH 2024/1608,False,Nässjö,Jönköping
MYH 2024/1609,True,Göteborg,Västra Götaland
MYH 2024/1610,False,Vänersborg,Västra Götaland
MYH 2024/1611,False,Malmö,Skåne
MYH 2024/1611,False,Stockholm,Stockholm
MYH 2024/1611,False,Karlstad,Värmland
MYH 2024/1611,False,Göteborg,Västra Götaland
MYH 2024/1612,False,Nässjö,Jönköping
MYH 2024/1613,False,Vänersborg,Västra Götaland
MYH 2024/1614,False,Broakulla,Kalmar
MYH 2024/1615,False,Vänersborg,Västra Götaland
MYH 2024/1616,False,Nässjö,Jönköping
MYH 2024/1617,False,Boden,Norrbotten
MYH 2024/1618,False,Stockholm,Stockholm
MYH 2024/1619,True,Stockholm,Stockholm
MYH 2024/1620,False,Umeå,Västerbotten
MYH 2024/1621,True,Stockholm,Stockholm
MYH 2024/1622,True,Stockholm,Stockholm
MYH 2024/1623,False,Västerås,Västmanland
MYH 2024/1624,False,Stockholm,Stockholm
MYH 2024/1625,False,Stockholm,Stockholm
MYH 2024/1626,True,Växjö,Kronoberg
MYH 2024/1627,True,Stockholm,Stockholm
MYH 2024/1628,False,Göteborg,Västra Götaland
MYH 2024/1628,False,Falkenberg,Halland
MYH 2024/1628,False,Stockholm,Stockholm
MYH 2024/1629,True,Malmö,Skåne
MYH 2024/1630,False,Helsingborg,Skåne
MYH 2024/1630,False,Göteborg,Västra Götaland
MYH 2024/1630,False,Karlstad,Värmland
MYH 2024/1630,False,Stockholm,Stockholm
MYH 2024/1630,False,Nyköping,Södermanland
MYH 2024/1631,True,Stockholm,Stockholm
MYH 2024/1632,False,Göteborg,Västra Götaland
MYH 2024/1633,False,Göteborg,Västra Götaland
MYH 2024/1634,False,Göteborg,Västra Götaland
MYH 2024/1635,False,Göteborg,Västra Götaland
MYH 2024/1636,False,Göteborg,Västra Götaland
MYH 2024/1637,False,Stockholm,Stockholm
MYH 2024/1637,False,Uppsala,Uppsala
MYH 2024/1637,False,Helsingborg,Skåne
MYH 2024/1638,False,Båstad,Skåne
MYH 2024/1639,False,Skärholmen,Stockholm
MYH 2024/1640,True,Uppsala,Uppsala
MYH 2024/1641,False,Stockholm,Stockholm
MYH 2024/1642,True,Stockholm,Stockholm
MYH 2024/1643,False,Göteborg,Västra Götaland
MYH 2024/1644,False,Göteborg,Västra Götaland
MYH 2024/1645,False,Göteborg,Västra Götaland
MYH 2024/1646,False,Göteborg,Västra Götaland
MYH 2024/1647,False,Göteborg,Västra Götaland
MYH 2024/1648,True,Stockholm,Stockholm
MYH 2024/1649,False,Boden,Norrbotten
MYH 2024/1650,False,Göteborg,Västra Götaland
MYH 2024/1651,False,Göteborg,Västra Götaland
MYH 2024/1651,False,Tjörn,Västra Götaland
MYH 2024/1652,False,Växjö,Kronoberg
MYH 2024/1653,False,Stockholm,Stockholm
MYH 2024/1653,False,Västerås,Västmanland
MYH 2024/1654,False,Västerås,Västmanland
MYH 2024/1654,False,Stockholm,Stockholm
MYH 2024/1655,False,Malmö,Skåne
MYH 2024/1656,False,Göteborg,Västra Götaland
MYH 2024/1657,False,Malmö,Skåne
MYH 2024/1658,False,Malmö,Skåne
MYH 2024/1659,False,Malmö,Skåne
MYH 2024/166,False,Örebro,Örebro
MYH 2024/1660,False,Malmö,Skåne
MYH 2024/209,True,Örebro,Örebro
MYH 2024/258,False,Kungälv,Västra Götaland
MYH 2024/259,False,Kungälv,Västra Götaland
MYH 2024/295,False,Stockholm,Stockholm
MYH 2024/300,False,Malmö,Skåne
MYH 2024/300,False,Helsingborg,Skåne
MYH 2024/303,True,Umeå,Västerbotten
MYH 2024/304,False,Göteborg,Västra Götaland
MYH 2024/306,False,Helsingborg,Skåne
MYH 2024/307,False,Helsingborg,Skåne
MYH 2024/308,False,Malmö,Skåne
MYH 2024/309,False,Östersund,Jämtland
MYH 2024/310,False,Östersund,Jämtland
MYH 2024/311,False,Karlskrona,Blekinge
MYH 2024/312,False,Örebro,Örebro
MYH 2024/317,True,Karlskrona,Blekinge
MYH 2024/358,True,Stockholm,Stockholm
MYH 2024/359,False,Falun,Dalarna
MYH 2024/359,False,Umeå,Västerbotten
MYH 2024/370,False,Helsingborg,Skåne
MYH 2024/370,False,Stockholm,Stockholm
MYH 2024/371,True,Jordbro,Stockholm
MYH 2024/384,True,Östersund,Jämtland
MYH 2024/384,True,Karlskrona,Blekinge
MYH 2024/386,False,Lund,Skåne
MYH 2024/410,True,Umeå,Västerbotten
MYH 2024/411,True,Göteborg,Västra Götaland
MYH 2024/412,True,Stockholm,Stockholm
MYH 2024/413,True,Solna,Stockholm
MYH 2024/413,True,Göteborg,Västra Götaland
MYH 2024/413,True,Karlskrona,Blekinge
MYH 2024/414,False,Solna,Stockholm
MYH 2024/418,True,Solna,Stockholm
MYH 2024/462,True,Göteborg,Västra Götaland
MYH 2024/474,True,Jordbro,Stockholm
MYH 2024/513,False,Göteborg,Västra Götaland
MYH 2024/513,False,Umeå,Västerbotten
MYH 2024/514,False,Karlskrona,Blekinge
MYH 2024/521,True,Karlskrona,Blekinge
MYH 2024/531,False,Karlskrona,Blekinge
MYH 2024/546,True,Globen,Stockholm
MYH 2024/547,True,Nynäshamn,Stockholm
MYH 2024/547,True,Göteborg,Västra Götaland
MYH 2024/568,True,Västra Frölunda,Västra Götaland
MYH 2024/569,True,Västra Frölunda,Västra Götaland
MYH 2024/583,True,Göteborg,Västra Götaland
MYH 2024/588,True,Mölnlycke,Västra Götaland
MYH 2024/602,False,Jönköping,Jönköping
MYH 2024/604,True,Göteborg,Västra Götaland
MYH 2024/606,False,Solna,Stockholm
MYH 2024/608,True,Jönköping,Jönköping
MYH 2024/627,True,Göteborg,Västra Götaland
MYH 2024/628,True,Göteborg,Västra Götaland
MYH 2024/630,False,Solna,Stockholm
MYH 2024/633,False,Göteborg,Västra Götaland
MYH 2024/646,True,Solna,Stockholm
MYH 2024/727,True,Nynäshamn,Stockholm
MYH 2024/728,True,Nynäshamn,Stockholm
MYH 2024/730,False,Nynäshamn,Stockholm
MYH 2024/734,False,Göteborg,Västra Götaland
MYH 2024/735,True,Eskilstuna,Södermanland
MYH 2024/735,True,Västerås,Västmanland
MYH 2024/735,True,Stockholm,Stockholm
MYH 2024/735,True,Hässleholm,Skåne
MYH 2024/735,True,Gävle,Gävleborg
MYH 2024/736,False,Gävle,Gävleborg
MYH 2024/736,False,Stockholm,Stockholm
MYH 2024/736,False,Uppsala,Uppsala
MYH 2024/741,False,Uppsala,Uppsala
MYH 2024/742,True,Göteborg,Västra Götaland
MYH 2024/743,True,Göteborg,Västra Götaland
MYH 2024/744,True,Trollhättan,Västra Götaland
MYH 2024/745,False,Helsingborg,Skåne
MYH 2024/750,False,Örnsköldsvik,Västernorrland
MYH 2024/750,False,Borlänge,Dalarna
MYH 2024/751,True,Örnsköldsvik,Västernorrland
MYH 2024/751,True,Borlänge,Dalarna
MYH 2024/753,False,Svenljunga,Västra Götaland
MYH 2024/754,True,Helsingborg,Skåne
MYH 2024/759,False,Solna,Stockholm
MYH 2024/760,False,Malmö,Skåne
MYH 2024/762,False,Malmö,Skåne
MYH 2024/764,False,Malmö,Skåne
MYH 2024/765,False,Malmö,Skåne
MYH 2024/766,False,Malmö,Skåne
MYH 2024/767,False,Malmö,Skåne
MYH 2024/768,False,Malmö,Skåne
MYH 2024/769,False,Solna,Stockholm
MYH 2024/770,True,Stockholm,Stockholm
MYH 2024/771,False,Malmö,Skåne
MYH 2024/772,False,Stockholm,Stockholm
MYH 2024/773,False,Stockholm,Stockholm
MYH 2024/774,False,Stockholm,Stockholm
MYH 2024/775,False,Malmö,Skåne
MYH 2024/780,True,Solna,Stockholm
MYH 2024/781,False,Solna,Stockholm
MYH 2024/782,False,Göteborg,Västra Götaland
MYH 2024/783,False,Malmö,Skåne
MYH 2024/783,False,Stockholm,Stockholm
MYH 2024/783,False,Göteborg,Västra Götaland
MYH 2024/788,False,Eskilstuna,Södermanland
MYH 2024/788,False,Linköping,Östergötland
MYH 2024/788,False,Stockholm,Stockholm
MYH 2024/791,False,Arvika,Värmland
MYH 2024/792,True,Eskilstuna,Södermanland
MYH 2024/792,True,Linköping,Östergötland
MYH 2024/792,True,Stockholm,Stockholm
MYH 2024/794,True,Uppsala,Uppsala
MYH 2024/796,True,Stockholm,Stockholm
MYH 2024/796,True,Linköping,Östergötland
MYH 2024/796,True,Eskilstuna,Södermanland
MYH 2024/797,True,Linköping,Östergötland
MYH 2024/797,True,Stockholm,Stockholm
MYH 2024/797,True,Eskilstuna,Södermanland
MYH 2024/798,True,Helsingborg,Skåne
MYH 2024/799,False,Skellefteå,Västerbotten
MYH 2024/800,True,Stockholm,Stockholm
MYH 2024/801,True,Stockholm,Stockholm
MYH 2024/802,True,Karlstad,Värmland
MYH 2024/803,True,Stockholm,Stockholm
MYH 2024/804,True,Umeå,Västerbotten
MYH 2024/805,True,Linköping,Östergötland
MYH 2024/805,True,Stockholm,Stockholm
MYH 2024/806,False,Stockholm,Stockholm
MYH 2024/807,True,Stockholm,Stockholm
MYH 2024/808,True,Stockholm,Stockholm
MYH 2024/809,False,Jokkmokk,Norrbotten
MYH 2024/810,True,Luleå,Norrbotten
MYH 2024/811,False,Lund,Skåne
MYH 2024/812,False,Luleå,Norrbotten
MYH 2024/813,True,Linköping,Östergötland
MYH 2024/813,True,Västerås,Västmanland
MYH 2024/813,True,Stockholm,Stockholm
MYH 2024/815,True,Eskilstuna,Södermanland
MYH 2024/815,True,Stockholm,Stockholm
MYH 2024/815,True,Linköping,Östergötland
MYH 2024/817,True,Linköping,Östergötland
MYH 2024/817,True,Stockholm,Stockholm
MYH 2024/817,True,Eskilstuna,Södermanland
MYH 2024/818,True,Västerås,Västmanland
MYH 2024/818,True,Örebro,Örebro
MYH 2024/818,True,Borlänge,Dalarna
MYH 2024/819,True,Västerås,Västmanland
MYH 2024/819,True,Borlänge,Dalarna
MYH 2024/819,True,Örebro,Örebro
MYH 2024/822,True,Eskilstuna,Södermanland
MYH 2024/822,True,Stockholm,Stockholm
MYH 2024/822,True,Linköping,Östergötland
MYH 2024/824,False,Skara,Västra Götaland
MYH 2024/826,True,Vänersborg,Västra Götaland
MYH 2024/827,True,Karlskrona,Blekinge
MYH 2024/827,True,Stockholm,Stockholm
MYH 2024/829,False,Örebro,Örebro
MYH 2024/830,False,Örebro,Örebro
MYH 2024/831,False,Malmö,Skåne
MYH 2024/832,False,Malmö,Skåne
MYH 2024/833,True,Göteborg,Västra Götaland
MYH 2024/834,True,Solna,Stockholm
MYH 2024/835,True,Göteborg,Västra Götaland
MYH 2024/836,True,Malmö,Skåne
MYH 2024/837,True,Eskilstuna,Södermanland
MYH 2024/837,True,Linköping,Östergötland
MYH 2024/837,True,Stockholm,Stockholm
MYH 2024/838,True,Solna,Stockholm
MYH 2024/839,True,Göteborg,Västra Götaland
MYH 2024/840,False,Malmö,Skåne
MYH 2024/841,False,Örebro,Örebro
MYH 2024/842,True,Eksjö,Jönköping
MYH 2024/842,True,Gävle,Gävleborg
MYH 2024/842,True,Umeå,Västerbotten
MYH 2024/842,True,Strängnäs,Södermanland
MYH 2024/843,True,Färjestaden,Kalmar
MYH 2024/846,True,Värnamo,Jönköping
MYH 2024/847,True,Stockholm,Stockholm
MYH 2024/847,True,Linköping,Östergötland
MYH 2024/848,False,Örebro,Örebro
MYH 2024/853,False,Örebro,Örebro
MYH 2024/854,True,Göteborg,Västra Götaland
MYH 2024/854,True,Luleå,Norrbotten
MYH 2024/854,True,Stockholm,Stockholm
MYH 2024/856,False,Strängnäs,Södermanland
MYH 2024/856,False,Eskilstuna,Södermanland
MYH 2024/856,False,Gävle,Gävleborg
MYH 2024/856,False,Västerås,Västmanland
MYH 2024/856,False,Stockholm,Stockholm
MYH 2024/857,True,Göteborg,Västra Götaland
MYH 2024/858,False,Stockholm,Stockholm
MYH 2024/859,False,Göteborg,Västra Götaland
MYH 2024/863,False,Vänersborg,Västra Götaland
MYH 2024/864,False,Uppsala,Uppsala
MYH 2024/864,False,Stockholm,Stockholm
MYH 2024/864,False,Falun,Dalarna
MYH 2024/866,True,Stockholm,Stockholm
MYH 2024/869,True,Göteborg,Västra Götaland
MYH 2024/871,True,Malmö,Skåne
MYH 2024/873,True,Malmö,Skåne
MYH 2024/874,True,Stockholm,Stockholm
MYH 2024/875,True,Malmö,Skåne
MYH 2024/876,True,Stockholm,Stockholm
MYH 2024/877,True,Stockholm,Stockholm
MYH 2024/878,False,Karlshamn,Blekinge
MYH 2024/878,False,Eslöv,Skåne
MYH 2024/879,True,Stockholm,Stockholm
MYH 2024/881,True,Göteborg,Västra Götaland
MYH 2024/881,True,Uppsala,Uppsala
MYH 2024/881,True,Härnösand,Västernorrland
MYH 2024/883,True,Malmö,Skåne
MYH 2024/884,True,Malmö,Skåne
MYH 2024/885,True,Göteborg,Västra Götaland
MYH 2024/886,True,Stockholm,Stockholm
MYH 2024/887,True,Stockholm,Stockholm
MYH 2024/889,True,Göteborg,Västra Götaland
MYH 2024/890,True,Göteborg,Västra Götaland
MYH 2024/891,True,Stockholm,Stockholm
MYH 2024/892,False,Stockholm,Stockholm
MYH 2024/893,False,Järna,Stockholm
MYH 2024/895,True,Stockholm,Stockholm
MYH 2024/896,False,Stockholm,Stockholm
MYH 2024/897,True,Göteborg,Västra Götaland
MYH 2024/898,False,Stockholm,Stockholm
MYH 2024/899,True,Göteborg,Västra Götaland
MYH 2024/900,True,Göteborg,Västra Götaland
MYH 2024/901,True,Stockholm,Stockholm
MYH 2024/902,True,Göteborg,Västra Götaland
MYH 2024/903,True,Göteborg,Västra Götaland
MYH 2024/904,True,Göteborg,Västra Götaland
MYH 2024/905,True,Malmö,Skåne
MYH 2024/906,False,Stockholm,Stockholm
MYH 2024/907,False,Stockholm,Stockholm
MYH 2024/908,True,Stockholm,Stockholm
MYH 2024/909,True,Sundsvall,Västernorrland
MYH 2024/910,True,Göteborg,Västra Götaland
MYH 2024/911,True,Malmö,Skåne
MYH 2024/912,True,Stockholm,Stockholm
MYH 2024/913,True,Boden,Norrbotten
MYH 2024/913,True,Luleå,Norrbotten
MYH 2024/914,True,Västerås,Västmanland
MYH 2024/914,True,Ludvika,Dalarna
MYH 2024/915,True,Malmö,Skåne
MYH 2024/916,False,Järfälla,Stockholm
MYH 2024/917,True,Stockholm,Stockholm
MYH 2024/918,True,Västerås,Västmanland
MYH 2024/919,True,Örebro,Örebro
MYH 2024/925,False,Vänersborg,Västra Götaland
MYH 2024/926,False,Habo,Jönköping
MYH 2024/927,False,Habo,Jönköping
MYH 2024/928,True,Göteborg,Västra Götaland
MYH 2024/929,False,Habo,Jönköping
MYH 2024/930,False,Habo,Jönköping
MYH 2024/931,False,Habo,Jönköping
MYH 2024/932,False,Habo,Jönköping
MYH 2024/933,False,Habo,Jönköping
MYH 2024/939,True,Göteborg,Västra Götaland
MYH 2024/940,True,Norrköping,Östergötland
MYH 2024/941,True,Norrköping,Östergötland
MYH 2024/942,False,Malmö,Skåne
MYH 2024/943,False,Malmö,Skåne
MYH 2024/944,True,Västerås,Västmanland
MYH 2024/945,True,Malmö,Skåne
MYH 2024/946,False,Malmö,Skåne
MYH 2024/947,True,Norrköping,Östergötland
MYH 2024/948,False,Malmö,Skåne
MYH 2024/949,False,Malmö,Skåne
MYH 2024/950,False,Malmö,Skåne
MYH 2024/951,False,Malmö,Skåne
MYH 2024/952,False,Malmö,Skåne
MYH 2024/953,False,Malmö,Skåne
MYH 2024/954,True,Norrköping,Östergötland
MYH 2024/955,False,Stockholm,Stockholm
MYH 2024/956,False,Norrköping,Östergötland
MYH 2024/957,True,Stockholm,Stockholm
MYH 2024/961,False,Arvika,Värmland
MYH 2024/962,False,Skara,Västra Götaland
MYH 2024/963,False,Eskilstuna,Södermanland
MYH 2024/963,False,Uppsala,Uppsala
MYH 2024/963,False,Borås,Västra Götaland
MYH 2024/963,False,Stockholm,Stockholm
MYH 2024/964,False,Skara,Västra Götaland
MYH 2024/965,False,Katrineholm,Södermanland
MYH 2024/966,False,Borås,Västra Götaland
MYH 2024/967,True,Nyköping,Södermanland
MYH 2024/968,False,Katrineholm,Södermanland
MYH 2024/969,True,Karlskrona,Blekinge
MYH 2024/970,True,Katrineholm,Södermanland
MYH 2024/971,True,Stockholm,Stockholm
MYH 2024/972,True,Stockholm,Stockholm
MYH 2024/973,True,Stockholm,Stockholm
MYH 2024/974,True,Stockholm,Stockholm
MYH 2024/975,True,Gävle,Gävleborg
MYH 2024/976,True,Gävle,Gävleborg
MYH 2024/977,False,Gävle,Gävleborg
MYH 2024/978,True,Vänersborg,Västra Götaland
MYH 2024/979,True,Stockholm,Stockholm
MYH 2024/980,True,Västerås,Västmanland
MYH 2024/981,True,Västerås,Västmanland
MYH 2024/982,True,Stockholm,Stockholm
MYH 2024/983,False,Stockholm,Stockholm
MYH 2024/984,True,Stockholm,Stockholm
MYH 2024/985,False,Stockholm,Stockholm
MYH 2024/986,True,Stockholm,Stockholm
MYH 2024/987,False,Sollefteå,Västernorrland
MYH 2024/988,True,Stockholm,Stockholm
MYH 2024/989,False,Göteborg,Västra Götaland
MYH 2024/990,True,Stockholm,Stockholm
MYH 2024/993,True,Nyköping,Södermanland
MYH 2024/994,True,Stockholm,Stockholm
MYH 2024/995,True,Stockholm,Stockholm
MYH 2024/996,False,Nyköping,Södermanland
MYH 2024/997,False,Nyköping,Södermanland
MYH 2024/998,True,Nyköping,Södermanland
MYH 2024/999,False,Malmö,Skåne
MYH 2024/999,False,Boden,Norrbotten
MYH 2024/999,False,Stockholm,Stockholm
